ALTER TABLE [ctl].[ETLPackage_ETLPackageDependency] DROP CONSTRAINT [FK_ETLPackage_ETLPackageDependency_ETLPackage]
ALTER TABLE [ctl].[ETLPackage_ETLPackageDependency] DROP CONSTRAINT [FK_ETLPackage_ETLPackageDependency_ETLPackage_DependentOn]
ALTER TABLE [ctl].[ETLBatch_ETLPackageGroup] DROP CONSTRAINT [FK_ETLBatch_ETLPackageGroup_ETLBatch]
ALTER TABLE [ctl].[ETLBatch_ETLPackageGroup] DROP CONSTRAINT [FK_ETLBatch_ETLPackageGroup_ETLPackageGroup]
ALTER TABLE [ctl].[ETLPackageGroup_ETLPackage] DROP CONSTRAINT [FK_ETLPackageGroup_ETLPackage_ETLPackage_ETLPackageGroup]
ALTER TABLE [ctl].[ETLPackageGroup_ETLPackage] DROP CONSTRAINT [FK_ETLPackageGroup_ETLPackage_ETLPackage_ETLPackage]
ALTER TABLE [ctl].[ETLPackage] DROP CONSTRAINT [FK_ETLPackage_EntryPointETLPackageId]
ALTER TABLE [ctl].[ETLPackage] DROP CONSTRAINT [FK_ETLPackage_SupportSeverityLevel]
ALTER TABLE [ctl].[ETLPackageGroup_SQLCommand] DROP CONSTRAINT [FK_ETLPackageGroup_SQLCommand_SQLCommand_ETLPackageGroup]
ALTER TABLE [ctl].[ETLPackageGroup_SQLCommand] DROP CONSTRAINT [FK_ETLPackageGroup_SQLCommand_SQLCommand_SQLCommand]
ALTER TABLE [ctl].[ETLPackage_SQLCommandCondition] DROP CONSTRAINT [FK_ETLPackage_SQLCommandCondition_ETLPackage]
ALTER TABLE [ctl].[ETLPackage_SQLCommandCondition] DROP CONSTRAINT [FK_ETLPackage_SQLCommandCondition_SQLCommand]
SET IDENTITY_INSERT [cfg].[SQLCommand] ON
INSERT INTO [cfg].[SQLCommand] ([SQLCommandId], [SQLCommandName], [SQLCommand], [SQLCommandDescription], [RequiresETLBatchIdParameterInd], [RequiresEndETLBatchExecutionParameterInd], [CreatedDate], [CreatedUser], [LastUpdatedDate], [LastUpdatedUser]) VALUES (1, N'Check And Wait For Competing Jobs', N'EXEC [sqlcmd].[CheckAndWaitForCompetingJobs] ''SomeOtherJobName''', N'Waits for a particular job to complete before allowing this job/batch to start.', 0, 0, '20160617 19:13:44.2666667', N'MicrosoftAccount\orders@elish.net', '20160617 19:13:44.2666667', N'MicrosoftAccount\orders@elish.net')
INSERT INTO [cfg].[SQLCommand] ([SQLCommandId], [SQLCommandName], [SQLCommand], [SQLCommandDescription], [RequiresETLBatchIdParameterInd], [RequiresEndETLBatchExecutionParameterInd], [CreatedDate], [CreatedUser], [LastUpdatedDate], [LastUpdatedUser]) VALUES (2, N'Example SQL Command Condition', N'EXEC [sqlcmd].[SQLCommandConditionExample]', N'Example of a SQL Command-based ETL Package condition.', 0, 0, '20160618 19:01:05.0100000', N'MicrosoftAccount\orders@elish.net', '20160618 19:01:05.0100000', N'MicrosoftAccount\orders@elish.net')
SET IDENTITY_INSERT [cfg].[SQLCommand] OFF
SET IDENTITY_INSERT [cfg].[ETLPackageGroup_ETLPackage_SQLCommandCondition] ON
INSERT INTO [cfg].[ETLPackageGroup_ETLPackage_SQLCommandCondition] ([ETLPackageGroup_ETLPackage_SQLCommandConditionId], [ETLPackageId], [SQLCommandId], [EnabledInd], [CreatedDate], [CreatedUser]) VALUES (1, 2, 2, 1, '20160618 19:01:47.3500000', N'MicrosoftAccount\orders@elish.net')
SET IDENTITY_INSERT [cfg].[ETLPackageGroup_ETLPackage_SQLCommandCondition] OFF
SET IDENTITY_INSERT [ctl].[ETLPackageGroup_SQLCommand] ON
INSERT INTO [ctl].[ETLPackageGroup_SQLCommand] ([ETLPackageGroup_SQLCommandId], [ETLPackageGroupId], [SQLCommandId], [ExecuteAtBeginningOfGroupInd], [ExecuteAtEndOfGroupInd], [FailBatchOnFailureInd], [ExecutionOrder], [CreatedDate], [CreatedUser]) VALUES (1, 1, 1, 1, 0, 0, 0, '20160617 19:14:14.8933333', N'MicrosoftAccount\orders@elish.net')
SET IDENTITY_INSERT [ctl].[ETLPackageGroup_SQLCommand] OFF
SET IDENTITY_INSERT [cfg].[ETLPackage] ON
INSERT INTO [cfg].[ETLPackage] ([ETLPackageId], [SSISDBFolderName], [SSISDBProjectName], [SSISDBPackageName], [EntryPointETLPackageId], [EnabledInd], [ReadyForExecutionInd], [BypassEntryPointInd], [IgnoreDependenciesInd], [ExecuteSundayInd], [ExecuteMondayInd], [ExecuteTuesdayInd], [ExecuteWednesdayInd], [ExecuteThursdayInd], [ExecuteFridayInd], [ExecuteSaturdayInd], [Use32BitDtExecInd], [SupportSeverityLevelId], [Comments], [CreatedDate], [CreatedUser], [LastUpdatedDate], [LastUpdatedUser]) VALUES (2, N'SSISExecutionManager_Example1', N'ExampleProjectA', N'ProjectA_Extract_Control.dtsx', NULL, 1, 0, 0, 0, 1, 1, 1, 1, 1, 1, 1, 0, 2, N'Example package', '20160614 16:52:37.6566667', N'MicrosoftAccount\orders@elish.net', '20160614 16:52:37.6566667', N'MicrosoftAccount\orders@elish.net')
INSERT INTO [cfg].[ETLPackage] ([ETLPackageId], [SSISDBFolderName], [SSISDBProjectName], [SSISDBPackageName], [EntryPointETLPackageId], [EnabledInd], [ReadyForExecutionInd], [BypassEntryPointInd], [IgnoreDependenciesInd], [ExecuteSundayInd], [ExecuteMondayInd], [ExecuteTuesdayInd], [ExecuteWednesdayInd], [ExecuteThursdayInd], [ExecuteFridayInd], [ExecuteSaturdayInd], [Use32BitDtExecInd], [SupportSeverityLevelId], [Comments], [CreatedDate], [CreatedUser], [LastUpdatedDate], [LastUpdatedUser]) VALUES (3, N'SSISExecutionManager_Example1', N'ExampleProjectA', N'ProjectA_Extract1.dtsx', 2, 1, 0, 0, 0, 1, 1, 1, 1, 1, 1, 1, 0, 2, N'Example package', '20160614 16:53:00.9166667', N'MicrosoftAccount\orders@elish.net', '20160614 16:53:00.9166667', N'MicrosoftAccount\orders@elish.net')
INSERT INTO [cfg].[ETLPackage] ([ETLPackageId], [SSISDBFolderName], [SSISDBProjectName], [SSISDBPackageName], [EntryPointETLPackageId], [EnabledInd], [ReadyForExecutionInd], [BypassEntryPointInd], [IgnoreDependenciesInd], [ExecuteSundayInd], [ExecuteMondayInd], [ExecuteTuesdayInd], [ExecuteWednesdayInd], [ExecuteThursdayInd], [ExecuteFridayInd], [ExecuteSaturdayInd], [Use32BitDtExecInd], [SupportSeverityLevelId], [Comments], [CreatedDate], [CreatedUser], [LastUpdatedDate], [LastUpdatedUser]) VALUES (4, N'SSISExecutionManager_Example1', N'ExampleProjectA', N'ProjectA_Extract2.dtsx', 2, 1, 0, 0, 0, 1, 1, 1, 1, 1, 1, 1, 0, 2, N'Example package', '20160614 16:53:14.1233333', N'MicrosoftAccount\orders@elish.net', '20160614 16:53:14.1233333', N'MicrosoftAccount\orders@elish.net')
INSERT INTO [cfg].[ETLPackage] ([ETLPackageId], [SSISDBFolderName], [SSISDBProjectName], [SSISDBPackageName], [EntryPointETLPackageId], [EnabledInd], [ReadyForExecutionInd], [BypassEntryPointInd], [IgnoreDependenciesInd], [ExecuteSundayInd], [ExecuteMondayInd], [ExecuteTuesdayInd], [ExecuteWednesdayInd], [ExecuteThursdayInd], [ExecuteFridayInd], [ExecuteSaturdayInd], [Use32BitDtExecInd], [SupportSeverityLevelId], [Comments], [CreatedDate], [CreatedUser], [LastUpdatedDate], [LastUpdatedUser]) VALUES (5, N'SSISExecutionManager_Example1', N'ExampleProjectA', N'ProjectA_Transform1.dtsx', NULL, 1, 0, 0, 0, 1, 1, 1, 1, 1, 1, 1, 0, 2, N'Example package', '20160614 18:05:00.4833333', N'MicrosoftAccount\orders@elish.net', '20160614 18:05:00.4833333', N'MicrosoftAccount\orders@elish.net')
INSERT INTO [cfg].[ETLPackage] ([ETLPackageId], [SSISDBFolderName], [SSISDBProjectName], [SSISDBPackageName], [EntryPointETLPackageId], [EnabledInd], [ReadyForExecutionInd], [BypassEntryPointInd], [IgnoreDependenciesInd], [ExecuteSundayInd], [ExecuteMondayInd], [ExecuteTuesdayInd], [ExecuteWednesdayInd], [ExecuteThursdayInd], [ExecuteFridayInd], [ExecuteSaturdayInd], [Use32BitDtExecInd], [SupportSeverityLevelId], [Comments], [CreatedDate], [CreatedUser], [LastUpdatedDate], [LastUpdatedUser]) VALUES (6, N'SSISExecutionManager_Example1', N'ExampleProjectA', N'ProjectA_Load1.dtsx', NULL, 1, 0, 0, 0, 1, 1, 1, 1, 1, 1, 1, 0, 2, N'Example package', '20160614 18:05:34.5533333', N'MicrosoftAccount\orders@elish.net', '20160614 18:05:34.5533333', N'MicrosoftAccount\orders@elish.net')
INSERT INTO [cfg].[ETLPackage] ([ETLPackageId], [SSISDBFolderName], [SSISDBProjectName], [SSISDBPackageName], [EntryPointETLPackageId], [EnabledInd], [ReadyForExecutionInd], [BypassEntryPointInd], [IgnoreDependenciesInd], [ExecuteSundayInd], [ExecuteMondayInd], [ExecuteTuesdayInd], [ExecuteWednesdayInd], [ExecuteThursdayInd], [ExecuteFridayInd], [ExecuteSaturdayInd], [Use32BitDtExecInd], [SupportSeverityLevelId], [Comments], [CreatedDate], [CreatedUser], [LastUpdatedDate], [LastUpdatedUser]) VALUES (11, N'SSISExecutionManager_Example1', N'ExampleProjectB', N'ProjectB_Extract1.dtsx', NULL, 1, 0, 0, 0, 1, 1, 1, 1, 1, 1, 1, 0, 2, N'Example package', '20160617 10:22:50.6933333', N'MicrosoftAccount\orders@elish.net', '20160617 10:22:50.6933333', N'MicrosoftAccount\orders@elish.net')
INSERT INTO [cfg].[ETLPackage] ([ETLPackageId], [SSISDBFolderName], [SSISDBProjectName], [SSISDBPackageName], [EntryPointETLPackageId], [EnabledInd], [ReadyForExecutionInd], [BypassEntryPointInd], [IgnoreDependenciesInd], [ExecuteSundayInd], [ExecuteMondayInd], [ExecuteTuesdayInd], [ExecuteWednesdayInd], [ExecuteThursdayInd], [ExecuteFridayInd], [ExecuteSaturdayInd], [Use32BitDtExecInd], [SupportSeverityLevelId], [Comments], [CreatedDate], [CreatedUser], [LastUpdatedDate], [LastUpdatedUser]) VALUES (12, N'SSISExecutionManager_Example1', N'ExampleProjectB', N'ProjectB_Transform1.dtsx', NULL, 1, 0, 0, 0, 1, 1, 1, 1, 1, 1, 1, 0, 2, N'Example package', '20160617 10:22:50.6933333', N'MicrosoftAccount\orders@elish.net', '20160617 10:22:50.6933333', N'MicrosoftAccount\orders@elish.net')
INSERT INTO [cfg].[ETLPackage] ([ETLPackageId], [SSISDBFolderName], [SSISDBProjectName], [SSISDBPackageName], [EntryPointETLPackageId], [EnabledInd], [ReadyForExecutionInd], [BypassEntryPointInd], [IgnoreDependenciesInd], [ExecuteSundayInd], [ExecuteMondayInd], [ExecuteTuesdayInd], [ExecuteWednesdayInd], [ExecuteThursdayInd], [ExecuteFridayInd], [ExecuteSaturdayInd], [Use32BitDtExecInd], [SupportSeverityLevelId], [Comments], [CreatedDate], [CreatedUser], [LastUpdatedDate], [LastUpdatedUser]) VALUES (13, N'SSISExecutionManager_Example1', N'ExampleProjectB', N'ProjectB_Load1.dtsx', NULL, 1, 0, 0, 0, 1, 1, 1, 1, 1, 1, 1, 0, 2, N'Example package', '20160617 10:22:50.6933333', N'MicrosoftAccount\orders@elish.net', '20160617 10:22:50.6933333', N'MicrosoftAccount\orders@elish.net')
SET IDENTITY_INSERT [cfg].[ETLPackage] OFF
SET IDENTITY_INSERT [cfg].[ETLPackageGroup_ETLPackage] ON
INSERT INTO [cfg].[ETLPackageGroup_ETLPackage] ([ETLPackageGroup_ETLPackageId], [ETLPackageGroupId], [ETLPackageId], [CreatedDate], [CreatedUser]) VALUES (1, 1, 2, '20160617 10:26:09.5166667', N'MicrosoftAccount\orders@elish.net')
INSERT INTO [cfg].[ETLPackageGroup_ETLPackage] ([ETLPackageGroup_ETLPackageId], [ETLPackageGroupId], [ETLPackageId], [CreatedDate], [CreatedUser]) VALUES (2, 1, 3, '20160617 10:26:13.3166667', N'MicrosoftAccount\orders@elish.net')
INSERT INTO [cfg].[ETLPackageGroup_ETLPackage] ([ETLPackageGroup_ETLPackageId], [ETLPackageGroupId], [ETLPackageId], [CreatedDate], [CreatedUser]) VALUES (3, 1, 4, '20160617 10:26:15.2733333', N'MicrosoftAccount\orders@elish.net')
INSERT INTO [cfg].[ETLPackageGroup_ETLPackage] ([ETLPackageGroup_ETLPackageId], [ETLPackageGroupId], [ETLPackageId], [CreatedDate], [CreatedUser]) VALUES (4, 1, 11, '20160617 10:26:16.7033333', N'MicrosoftAccount\orders@elish.net')
INSERT INTO [cfg].[ETLPackageGroup_ETLPackage] ([ETLPackageGroup_ETLPackageId], [ETLPackageGroupId], [ETLPackageId], [CreatedDate], [CreatedUser]) VALUES (5, 2, 5, '20160617 10:26:27.9700000', N'MicrosoftAccount\orders@elish.net')
INSERT INTO [cfg].[ETLPackageGroup_ETLPackage] ([ETLPackageGroup_ETLPackageId], [ETLPackageGroupId], [ETLPackageId], [CreatedDate], [CreatedUser]) VALUES (6, 2, 12, '20160617 10:26:29.8100000', N'MicrosoftAccount\orders@elish.net')
INSERT INTO [cfg].[ETLPackageGroup_ETLPackage] ([ETLPackageGroup_ETLPackageId], [ETLPackageGroupId], [ETLPackageId], [CreatedDate], [CreatedUser]) VALUES (7, 3, 6, '20160617 10:26:39.2000000', N'MicrosoftAccount\orders@elish.net')
INSERT INTO [cfg].[ETLPackageGroup_ETLPackage] ([ETLPackageGroup_ETLPackageId], [ETLPackageGroupId], [ETLPackageId], [CreatedDate], [CreatedUser]) VALUES (8, 3, 13, '20160617 10:26:42.6600000', N'MicrosoftAccount\orders@elish.net')
SET IDENTITY_INSERT [cfg].[ETLPackageGroup_ETLPackage] OFF
SET IDENTITY_INSERT [cfg].[ETLPackageGroup] ON
INSERT INTO [cfg].[ETLPackageGroup] ([ETLPackageGroupId], [ETLPackageGroup], [CreatedDate], [CreatedUser], [LastUpdatedDate], [LastUpdatedUser]) VALUES (1, N'Extract', '20160616 19:38:30.4566667', N'MicrosoftAccount\orders@elish.net', '20160616 19:38:30.4566667', N'MicrosoftAccount\orders@elish.net')
INSERT INTO [cfg].[ETLPackageGroup] ([ETLPackageGroupId], [ETLPackageGroup], [CreatedDate], [CreatedUser], [LastUpdatedDate], [LastUpdatedUser]) VALUES (2, N'Transform', '20160616 19:38:34.4566667', N'MicrosoftAccount\orders@elish.net', '20160616 19:38:34.4566667', N'MicrosoftAccount\orders@elish.net')
INSERT INTO [cfg].[ETLPackageGroup] ([ETLPackageGroupId], [ETLPackageGroup], [CreatedDate], [CreatedUser], [LastUpdatedDate], [LastUpdatedUser]) VALUES (3, N'Load', '20160616 19:38:37.1266667', N'MicrosoftAccount\orders@elish.net', '20160616 19:38:37.1266667', N'MicrosoftAccount\orders@elish.net')
SET IDENTITY_INSERT [cfg].[ETLPackageGroup] OFF
SET IDENTITY_INSERT [cfg].[ETLBatch_ETLPackageGroup] ON
INSERT INTO [cfg].[ETLBatch_ETLPackageGroup] ([ETLBatch_ETLPackageGroup], [ETLBatchId], [ETLPackageGroupId], [CreatedDate], [CreatedUser]) VALUES (1, 1, 1, '20160616 19:39:40.0366667', N'MicrosoftAccount\orders@elish.net')
INSERT INTO [cfg].[ETLBatch_ETLPackageGroup] ([ETLBatch_ETLPackageGroup], [ETLBatchId], [ETLPackageGroupId], [CreatedDate], [CreatedUser]) VALUES (2, 1, 2, '20160616 19:39:42.0066667', N'MicrosoftAccount\orders@elish.net')
INSERT INTO [cfg].[ETLBatch_ETLPackageGroup] ([ETLBatch_ETLPackageGroup], [ETLBatchId], [ETLPackageGroupId], [CreatedDate], [CreatedUser]) VALUES (3, 1, 3, '20160616 19:39:52.7566667', N'MicrosoftAccount\orders@elish.net')
SET IDENTITY_INSERT [cfg].[ETLBatch_ETLPackageGroup] OFF
SET IDENTITY_INSERT [cfg].[ETLBatch] ON
INSERT INTO [cfg].[ETLBatch] ([ETLBatchId], [ETLBatchName], [ETLBatchDescription], [CreatedDate], [CreatedUser], [LastUpdatedDate], [LastUpdatedUser]) VALUES (1, N'Daily Data Warehouse Load', N'This batch includes all groups and packages necessary for the daily data warehouse load.', '20160614 18:20:23.3400000', N'MicrosoftAccount\orders@elish.net', '20160614 18:20:23.3400000', N'MicrosoftAccount\orders@elish.net')
SET IDENTITY_INSERT [cfg].[ETLBatch] OFF
SET IDENTITY_INSERT [cfg].[ETLPackage_ETLPackageDependency] ON
INSERT INTO [cfg].[ETLPackage_ETLPackageDependency] ([ETLPackage_ETLPackageDependencyId], [ETLPackageId], [DependedOnETLPackageId], [EnabledInd], [Comments], [CreatedDate], [CreatedUser], [LastUpdatedDate], [LastUpdatedUser]) VALUES (1, 5, 12, 1, N'ProjectB_Package1.dtsx won''t execute until ProjectA_Package2.dtsx completes successfully.', '20160614 18:17:22.1666667', N'MicrosoftAccount\orders@elish.net', '20160614 18:17:22.1666667', N'MicrosoftAccount\orders@elish.net')
SET IDENTITY_INSERT [cfg].[ETLPackage_ETLPackageDependency] OFF
ALTER TABLE [cfg].[ETLPackage_ETLPackageDependency]
    ADD CONSTRAINT [FK_ETLPackage_ETLPackageDependency_ETLPackage] FOREIGN KEY ([ETLPackageId]) REFERENCES [cfg].[ETLPackage] ([ETLPackageId])
ALTER TABLE [cfg].[ETLPackage_ETLPackageDependency]
    ADD CONSTRAINT [FK_ETLPackage_ETLPackageDependency_ETLPackage_DependentOn] FOREIGN KEY ([DependedOnETLPackageId]) REFERENCES [cfg].[ETLPackage] ([ETLPackageId])
ALTER TABLE [cfg].[ETLBatch_ETLPackageGroup]
    ADD CONSTRAINT [FK_ETLBatch_ETLPackageGroup_ETLBatch] FOREIGN KEY ([ETLBatchId]) REFERENCES [cfg].[ETLBatch] ([ETLBatchId])
ALTER TABLE [cfg].[ETLBatch_ETLPackageGroup]
    ADD CONSTRAINT [FK_ETLBatch_ETLPackageGroup_ETLPackageGroup] FOREIGN KEY ([ETLPackageGroupId]) REFERENCES [cfg].[ETLPackageGroup] ([ETLPackageGroupId])
ALTER TABLE [cfg].[ETLPackageGroup_ETLPackage]
    ADD CONSTRAINT [FK_ETLPackageGroup_ETLPackage_ETLPackage_ETLPackageGroup] FOREIGN KEY ([ETLPackageGroupId]) REFERENCES [cfg].[ETLPackageGroup] ([ETLPackageGroupId])
ALTER TABLE [cfg].[ETLPackageGroup_ETLPackage]
    ADD CONSTRAINT [FK_ETLPackageGroup_ETLPackage_ETLPackage_ETLPackage] FOREIGN KEY ([ETLPackageId]) REFERENCES [cfg].[ETLPackage] ([ETLPackageId])
ALTER TABLE [cfg].[ETLPackage]
    ADD CONSTRAINT [FK_ETLPackage_EntryPointETLPackageId] FOREIGN KEY ([EntryPointETLPackageId]) REFERENCES [cfg].[ETLPackage] ([ETLPackageId])
ALTER TABLE [cfg].[ETLPackage]
    ADD CONSTRAINT [FK_ETLPackage_SupportSeverityLevel] FOREIGN KEY ([SupportSeverityLevelId]) REFERENCES [ref].[SupportSeverityLevel] ([SupportSeverityLevelId])
ALTER TABLE [ctl].[ETLPackageGroup_SQLCommand]
    ADD CONSTRAINT [FK_ETLPackageGroup_SQLCommand_SQLCommand_ETLPackageGroup] FOREIGN KEY ([ETLPackageGroupId]) REFERENCES [cfg].[ETLPackageGroup] ([ETLPackageGroupId])
ALTER TABLE [ctl].[ETLPackageGroup_SQLCommand]
    ADD CONSTRAINT [FK_ETLPackageGroup_SQLCommand_SQLCommand_SQLCommand] FOREIGN KEY ([SQLCommandId]) REFERENCES [cfg].[SQLCommand] ([SQLCommandId])
ALTER TABLE [cfg].[ETLPackageGroup_ETLPackage_SQLCommandCondition]
    ADD CONSTRAINT [FK_ETLPackage_SQLCommandCondition_ETLPackage] FOREIGN KEY ([ETLPackageId]) REFERENCES [cfg].[ETLPackage] ([ETLPackageId])
ALTER TABLE [cfg].[ETLPackageGroup_ETLPackage_SQLCommandCondition]
    ADD CONSTRAINT [FK_ETLPackage_SQLCommandCondition_SQLCommand] FOREIGN KEY ([SQLCommandId]) REFERENCES [cfg].[SQLCommand] ([SQLCommandId])